x,y,mass,size_x,size_y,eccentricity,solidity,intensity_mean,area,frame,tree_id,particle
26.428571428571427,38.967032967032964,5493.0,8,14,0.8541001984717357,0.9381443298969072,60.362637362637365,91,3,0,0
33.166666666666664,41.515151515151516,5008.0,9,9,0.5673863869722532,0.9428571428571428,75.87878787878788,66,4,0,0
34.86274509803921,44.19607843137255,3640.0,7,9,0.7173879395793901,0.9272727272727272,71.37254901960785,51,5,0,0
42.96666666666667,44.78333333333333,4862.0,9,8,0.6480033725255904,0.967741935483871,81.03333333333333,60,7,0,0
33.9375,36.875,6545.0,10,13,0.8828465445196816,0.9090909090909091,81.8125,80,8,0,0
28.348484848484848,30.848484848484848,5697.0,8,10,0.6710742586747617,0.9565217391304348,86.31818181818181,66,9,0,0
22.864197530864196,27.580246913580247,4700.0,12,8,0.739856543698829,0.9878048780487805,58.02469135802469,81,10,0,0
