x,y,mass,size_x,size_y,eccentricity,solidity,intensity_mean,area,frame,tree_id,particle
33.028169014084504,32.098591549295776,14006.0,9,11,0.7201438447218103,0.8875,197.26760563380282,71,5,0,0
33.28,28.19,19950.0,8,15,0.8474925685651424,0.970873786407767,199.5,100,6,0,0
31.303370786516854,28.674157303370787,16844.0,13,11,0.860785672890848,0.9081632653061225,189.25842696629215,89,7,0,0
29.153846153846153,28.205128205128204,14932.0,11,11,0.767389200498624,0.896551724137931,191.43589743589743,78,8,0,0
28.239436619718308,27.535211267605632,14073.0,10,14,0.9291466093902314,0.8987341772151899,198.2112676056338,71,9,0,0
