x,y,mass,size_x,size_y,eccentricity,solidity,intensity_mean,area,frame,tree_id,particle
44.59016393442623,21.0,11569.0,10,8,0.7384775622121034,0.9682539682539683,189.65573770491804,61,1,0,0
38.43283582089552,26.35820895522388,11191.0,10,8,0.6280617282380242,0.9571428571428572,167.02985074626866,67,2,0,0
35.19047619047619,26.761904761904763,9593.0,11,7,0.7740345271727035,0.9545454545454546,152.26984126984127,63,3,0,0
27.317460317460316,24.873015873015873,8961.0,10,8,0.6882127543372566,0.9545454545454546,142.23809523809524,63,4,0,0
21.263157894736842,19.263157894736842,8899.0,9,9,0.4731014196207139,0.9047619047619048,156.12280701754386,57,5,0,0
17.620689655172413,12.758620689655173,9691.0,8,9,0.6414384720990206,0.9666666666666667,167.08620689655172,58,6,0,0
18.431372549019606,8.294117647058824,8927.0,9,8,0.429026450863638,0.9444444444444444,175.0392156862745,51,7,0,0
23.254901960784313,3.764705882352941,9301.0,10,7,0.681355557336063,0.9444444444444444,182.37254901960785,51,8,0,0
