x,y,mass,size_x,size_y,eccentricity,solidity,intensity_mean,area,frame,tree_id,particle
32.583333333333336,15.766666666666667,5073.0,7,11,0.8279340976999487,0.9375,84.55,60,8,0,0
30.475409836065573,20.934426229508198,6433.0,8,10,0.6922402584159191,0.9242424242424242,105.45901639344262,61,9,0,0
24.890625,24.921875,7495.0,10,10,0.8293493855714853,0.9552238805970149,117.109375,64,10,0,0
22.363636363636363,26.0,6200.0,9,7,0.6340654007531732,0.9821428571428571,112.72727272727273,55,11,0,0
18.278688524590162,27.18032786885246,6774.0,10,8,0.8036132448262228,0.9384615384615385,111.04918032786885,61,12,0,0
