x,y,mass,size_x,size_y,eccentricity,solidity,intensity_mean,area,frame,tree_id,particle
27.6,12.153846153846153,9395.0,8,10,0.5672599811987759,0.9420289855072463,144.53846153846155,65,9,1,1
24.60919540229885,22.448275862068964,13496.0,11,12,0.7783412779343328,0.9456521739130435,155.1264367816092,87,10,1,1
28.032258064516128,12.397849462365592,12829.0,8,15,0.8809017699285127,0.9393939393939394,137.94623655913978,93,11,1,1
28.727272727272727,5.363636363636363,12855.000000000002,9,12,0.7098813546336312,0.9565217391304348,146.07954545454547,88,12,1,1
