x,y,mass,size_x,size_y,eccentricity,solidity,intensity_mean,area,frame,tree_id,particle
28.72222222222222,29.962962962962962,6149.0,12,8,0.9076772946035604,0.9152542372881356,113.87037037037037,54,7,0,0
25.859649122807017,25.56140350877193,8237.0,8,8,0.22209738209071592,0.9827586206896551,144.50877192982455,57,8,0,0
25.30188679245283,26.264150943396228,8128.999999999999,9,7,0.6364152243620549,0.9464285714285714,153.37735849056602,53,9,0,0
27.87837837837838,24.135135135135137,9788.0,8,11,0.6735604055021649,0.9866666666666667,132.27027027027026,74,10,0,0
28.666666666666668,27.651515151515152,7819.0,10,12,0.887997254472148,0.8918918918918919,118.46969696969697,66,11,0,0
