x,y,mass,size_x,size_y,eccentricity,solidity,intensity_mean,area,frame,tree_id,particle
23.41176470588235,21.686274509803923,8139.999999999999,8,8,0.3713911808123253,0.9272727272727272,159.6078431372549,51,5,1,1
11.77027027027027,19.43243243243243,12133.0,9,10,0.5642540146390043,0.9736842105263158,163.95945945945945,74,6,1,1
4.75,28.014705882352942,10210.0,9,9,0.6224634893272707,0.9577464788732394,150.14705882352942,68,7,1,1
