x,y,mass,size_x,size_y,eccentricity,solidity,intensity_mean,area,frame,tree_id,particle
43.08695652173913,40.43478260869565,3836.0000000000005,5,6,0.6030744410856831,0.9583333333333334,166.7826086956522,23,15,0,0
43.125,40.3125,5057.0,7,6,0.551782545726995,0.9142857142857143,158.03125,32,17,0,0
43.64,40.24,4003.0,6,6,0.7162513625674779,0.9615384615384616,160.12,25,18,0,0
