x,y,mass,size_x,size_y,eccentricity,solidity,intensity_mean,area,frame,tree_id,particle
21.541666666666668,16.885416666666668,20061.0,13,14,0.8858219885652552,0.8347826086956521,208.96875,96,13,0,0
19.23148148148148,15.518518518518519,21757.0,17,13,0.9323370432526551,0.8571428571428571,201.4537037037037,108,14,0,0
11.047619047619047,10.73469387755102,29290.0,19,15,0.9006621483853285,0.8076923076923077,199.2517006802721,147,16,0,0
10.105263157894736,9.644736842105264,30254.0,22,13,0.924109464275082,0.8735632183908046,199.03947368421052,152,17,0,0
8.815950920245399,10.386503067484663,32507.0,19,14,0.8074642063056063,0.8232323232323232,199.42944785276075,163,18,0,0
8.99421965317919,10.236994219653178,34432.0,19,15,0.7614958083978709,0.8277511961722488,199.02890173410404,173,19,0,0
