x,y,mass,size_x,size_y,eccentricity,solidity,intensity_mean,area,frame,tree_id,particle
42.05797101449275,11.289855072463768,9743.0,12,10,0.9107905009847266,0.92,141.20289855072463,69,7,1,1
34.23076923076923,14.948717948717949,10783.0,11,9,0.6673863084611773,0.9285714285714286,138.24358974358975,78,8,1,1
28.859375,17.96875,9144.0,10,9,0.7094639948575397,0.9142857142857143,142.875,64,9,1,1
24.16176470588235,21.0,9133.0,10,10,0.8235195949351645,0.918918918918919,134.30882352941177,68,10,1,1
24.528301886792452,26.20754716981132,4528.0,8,9,0.7320353718913473,0.9464285714285714,85.43396226415095,53,11,1,1
29.37037037037037,3.5,8697.0,9,9,0.8051844526379325,0.9310344827586207,161.05555555555554,54,13,2,2
28.271428571428572,6.928571428571429,10837.0,8,12,0.7874551032191734,0.9333333333333333,154.81428571428572,70,14,2,2
23.902173913043477,11.16304347826087,11759.0,13,17,0.9653538102016657,0.8932038834951457,127.81521739130434,92,15,2,2
20.442857142857143,17.87142857142857,9060.0,7,12,0.8105842716701821,0.9859154929577465,129.42857142857142,70,16,2,2
