x,y,mass,size_x,size_y,eccentricity,solidity,intensity_mean,area,frame,tree_id,particle
44.26229508196721,25.21311475409836,8842.0,9,9,0.7316820648234873,0.9384615384615385,144.95081967213116,61,1,0,0
39.972972972972975,27.93243243243243,9594.0,11,11,0.8429654676682711,0.9024390243902439,129.64864864864865,74,2,0,0
40.793103448275865,33.56896551724138,4802.0,8,11,0.7912797160110198,0.9354838709677419,82.79310344827586,58,3,0,0
36.57534246575342,25.17808219178082,9454.000000000002,8,13,0.8239056080628429,0.9012345679012346,129.5068493150685,73,8,2,2
29.49230769230769,27.56923076923077,6095.0,14,7,0.8859085751433322,0.8904109589041096,93.76923076923077,65,9,2,2
20.961038961038962,19.558441558441558,8845.0,10,11,0.6883262797862824,0.9058823529411765,114.87012987012987,77,11,2,2
15.232142857142858,18.017857142857142,6481.0,10,7,0.7633352384357768,0.9333333333333333,115.73214285714286,56,12,2,2
11.484848484848484,15.242424242424242,10587.0,9,9,0.4137580412281528,0.9565217391304348,160.4090909090909,66,13,2,2
