x,y,mass,size_x,size_y,eccentricity,solidity,intensity_mean,area,frame,tree_id,particle
10.368421052631579,23.242105263157896,12653.999999999998,10,12,0.6032164587582044,0.9134615384615384,133.2,95,14,3,3
23.555555555555557,23.767676767676768,11393.0,11,13,0.5150373947194885,0.9,115.08080808080808,99,15,3,3
36.12698412698413,25.365079365079364,4773.0,10,8,0.7753779310975696,0.9692307692307692,75.76190476190476,63,16,3,3
