x,y,mass,size_x,size_y,eccentricity,solidity,intensity_mean,area,frame,tree_id,particle
23.789473684210527,21.49122807017544,9069.0,9,8,0.24382414058191887,0.9661016949152542,159.10526315789474,57,5,2,2
11.56338028169014,19.591549295774648,11845.0,9,10,0.5715450848265977,0.9594594594594594,166.83098591549296,71,6,2,2
4.2727272727272725,28.227272727272727,10197.0,9,10,0.7038336880712636,0.9565217391304348,154.5,66,7,2,2
