x,y,mass,size_x,size_y,eccentricity,solidity,intensity_mean,area,frame,tree_id,particle
37.986486486486484,11.891891891891891,9946.0,9,11,0.7201042535287719,0.9367088607594937,134.40540540540542,74,15,1,1
28.5,21.147058823529413,10267.0,8,10,0.5730384764217963,0.9444444444444444,150.98529411764707,68,16,1,1
24.297619047619047,25.404761904761905,12703.0,10,12,0.77673292515261,0.9438202247191011,151.22619047619048,84,17,1,1
19.333333333333332,32.85897435897436,12754.000000000002,9,11,0.7037598513392412,0.9397590361445783,163.51282051282053,78,18,1,1
12.64935064935065,39.97402597402598,11728.0,8,12,0.8106368829122719,0.9625,152.3116883116883,77,19,1,1
