x,y,mass,size_x,size_y,eccentricity,solidity,intensity_mean,area,frame,tree_id,particle
12.316666666666666,10.5,8879.0,12,7,0.8845242971589402,0.8823529411764706,147.98333333333332,60,10,0,0
12.612903225806452,10.741935483870968,9467.0,14,7,0.9050451915015334,0.9117647058823529,152.69354838709677,62,11,0,0
12.508196721311476,10.557377049180328,9307.0,12,7,0.8510860465453692,0.9384615384615385,152.5737704918033,61,12,0,0
20.06756756756757,25.094594594594593,14125.0,13,8,0.8921362090189321,0.9367088607594937,190.8783783783784,74,15,1,1
14.595744680851064,22.77659574468085,17411.0,15,10,0.8172041810222447,0.8468468468468469,185.22340425531914,94,16,1,1
14.709090909090909,16.136363636363637,22034.0,7,19,0.9306905898496677,0.9482758620689655,200.3090909090909,110,17,1,1
11.42156862745098,10.362745098039216,19765.0,12,11,0.5758798632969958,0.9532710280373832,193.77450980392157,102,18,1,1
4.220588235294118,5.455882352941177,14765.0,10,8,0.6565217883455704,0.9577464788732394,217.13235294117646,68,19,1,1
