x,y,mass,size_x,size_y,eccentricity,solidity,intensity_mean,area,frame,tree_id,particle
18.762886597938145,15.876288659793815,5067.0,10,14,0.8579087266018678,0.8818181818181818,52.23711340206186,97,7,0,0
17.88607594936709,17.72151898734177,7992.0,16,15,0.4512232295465118,0.9028571428571428,50.58227848101266,158,8,0,0
19.102564102564102,19.094017094017094,5980.0,12,14,0.7603947595907705,0.8297872340425532,51.111111111111114,117,9,0,0
18.761904761904763,16.02857142857143,5338.0,11,14,0.6983854039932506,0.8898305084745762,50.838095238095235,105,11,0,0
18.703703703703702,12.296296296296296,2755.0,7,9,0.6154718040869288,0.9818181818181818,51.01851851851852,54,12,0,0
