x,y,mass,size_x,size_y,eccentricity,solidity,intensity_mean,area,frame,tree_id,particle
44.644067796610166,21.10169491525424,11405.0,10,8,0.7346155435571146,0.9672131147540983,193.3050847457627,59,1,0,0
38.3968253968254,26.571428571428573,10835.0,10,8,0.6967678537281394,0.9264705882352942,171.984126984127,63,2,0,0
35.0,26.649122807017545,9124.0,11,7,0.7957503128618555,0.9047619047619048,160.0701754385965,57,3,0,0
27.017543859649123,24.771929824561404,8594.0,9,8,0.6028958301022891,0.9661016949152542,150.7719298245614,57,4,0,0
21.327272727272728,19.072727272727274,8738.0,8,8,0.37287949471141013,0.9649122807017544,158.87272727272727,55,5,0,0
17.75925925925926,12.61111111111111,9247.0,8,9,0.6354608957704979,0.9473684210526315,171.24074074074073,54,6,0,0
