x,y,mass,size_x,size_y,eccentricity,solidity,intensity_mean,area,frame,tree_id,particle
30.80722891566265,35.204819277108435,13523.0,13,14,0.9477120262122016,0.8829787234042553,162.9277108433735,83,11,3,3
36.25396825396825,39.63492063492063,9626.0,11,8,0.7725982939123244,0.9402985074626866,152.79365079365078,63,12,3,3
41.12230215827338,43.25179856115108,18186.0,14,12,0.5333343763554328,0.9788732394366197,130.83453237410072,139,13,3,3
37.89230769230769,4.676923076923077,9435.0,11,12,0.8121649308611759,0.8024691358024691,145.15384615384616,65,14,5,5
42.26605504587156,42.68807339449541,15565.000000000002,11,14,0.6812677468186988,0.9159663865546218,142.7981651376147,109,14,3,3
38.234375,6.296875,10144.0,10,10,0.7823690862530467,0.927536231884058,158.5,64,15,5,5
36.45283018867924,2.547169811320755,8200.0,10,6,0.8273884391488967,0.9814814814814815,154.71698113207546,53,16,5,5
