x,y,mass,size_x,size_y,eccentricity,solidity,intensity_mean,area,frame,tree_id,particle
23.274509803921568,19.764705882352942,4303.0,7,9,0.7923642874687454,0.9622641509433962,84.37254901960785,51,8,0,0
24.555555555555557,25.24074074074074,7580.000000000001,7,10,0.769996679817922,0.9152542372881356,140.37037037037038,54,9,0,0
24.524390243902438,29.865853658536587,11693.0,9,14,0.9048730179662595,0.9213483146067416,142.59756097560975,82,10,0,0
26.833333333333332,42.016666666666666,8360.0,8,10,0.7135963245029863,0.967741935483871,139.33333333333334,60,11,0,0
