x,y,mass,size_x,size_y,eccentricity,solidity,intensity_mean,area,frame,tree_id,particle
32.84615384615385,46.5,7978.000000000001,11,6,0.8434273190383742,0.9285714285714286,153.42307692307693,52,4,0,0
33.84,46.54,8170.999999999999,10,6,0.7813244402991204,0.9615384615384616,163.42,50,5,0,0
25.82456140350877,27.403508771929825,4943.0,11,8,0.8901358214990864,0.9047619047619048,86.71929824561404,57,7,1,1
33.18867924528302,46.660377358490564,7870.0,11,6,0.8443444541388524,0.9298245614035088,148.49056603773585,53,7,0,0
29.65573770491803,25.229508196721312,6910.0,10,8,0.7734825595535563,0.953125,113.27868852459017,61,8,1,1
33.51923076923077,46.51923076923077,8276.0,10,6,0.8307797442705227,0.9629629629629629,159.15384615384616,52,8,0,0
26.952380952380953,24.603174603174605,7360.0,12,7,0.8431566185684778,0.9402985074626866,116.82539682539682,63,9,1,1
24.063492063492063,24.333333333333332,8733.0,9,9,0.574989288285319,0.9402985074626866,138.61904761904762,63,10,1,1
