x,y,mass,size_x,size_y,eccentricity,solidity,intensity_mean,area,frame,tree_id,particle
12.477777777777778,43.355555555555554,9608.0,9,14,0.8610629456814672,0.8910891089108911,106.75555555555556,90,8,0,0
16.173076923076923,31.942307692307693,13024.0,10,15,0.8596732804638385,0.9285714285714286,125.23076923076923,104,9,0,0
22.322222222222223,25.5,12370.000000000002,12,10,0.7669273762244239,0.9183673469387755,137.44444444444446,90,10,0,0
24.977272727272727,29.295454545454547,11169.0,10,13,0.8531221550584854,0.8979591836734694,126.92045454545455,88,11,0,0
27.0,33.833333333333336,6843.0,6,11,0.8771217110769975,0.9473684210526315,126.72222222222223,54,12,0,0
27.705882352941178,34.01960784313726,6832.0,6,10,0.8159391018319102,0.9622641509433962,133.9607843137255,51,13,0,0
28.571428571428573,36.357142857142854,5942.0,6,10,0.8076117095733232,1.0,106.10714285714286,56,14,0,0
