x,y,mass,size_x,size_y,eccentricity,solidity,intensity_mean,area,frame,tree_id,particle
38.148148148148145,25.296296296296298,6311.0,7,10,0.8160291253356567,0.9473684210526315,116.87037037037037,54,4,1,1
36.06,23.68,5508.0,7,10,0.8599818334395996,0.9090909090909091,110.16,50,5,1,1
35.05555555555556,19.27777777777778,5764.0,7,10,0.7990699405737306,0.9473684210526315,106.74074074074075,54,6,1,1
30.3768115942029,10.08695652173913,5743.0,9,10,0.7885432234896959,0.971830985915493,83.23188405797102,69,7,1,1
