x,y,mass,size_x,size_y,eccentricity,solidity,intensity_mean,area,frame,tree_id,particle
34.08955223880597,27.37313432835821,10016.0,12,7,0.8458744249052442,0.9178082191780822,149.49253731343285,67,15,1,1
31.125,27.47222222222222,10507.0,11,8,0.7320549136202392,0.9863013698630136,145.93055555555554,72,16,1,1
22.010526315789473,21.33684210526316,15059.0,14,13,0.86630313892249,0.8407079646017699,158.5157894736842,95,17,1,1
11.010989010989011,14.538461538461538,16622.0,11,11,0.7605266300845211,0.9479166666666666,182.65934065934067,91,18,1,1
12.28735632183908,15.655172413793103,16866.0,10,11,0.5968528440826641,0.9456521739130435,193.86206896551724,87,19,1,1
