x,y,mass,size_x,size_y,eccentricity,solidity,intensity_mean,area,frame,tree_id,particle
39.421052631578945,43.98245614035088,11265.0,9,8,0.4221264922408756,0.9344262295081968,197.6315789473684,57,0,1,1
40.689655172413794,41.06896551724138,10752.0,9,9,0.5171946333301985,0.90625,185.3793103448276,58,1,1,1
39.04615384615385,39.66153846153846,11253.0,12,7,0.8576916822485687,0.9154929577464789,173.12307692307692,65,2,1,1
38.71153846153846,37.86538461538461,10007.0,8,8,0.46439735345899646,0.9454545454545454,192.44230769230768,52,3,1,1
40.54385964912281,45.85964912280702,10405.0,9,8,0.6769171809023068,0.9661016949152542,182.5438596491228,57,16,2,2
39.88709677419355,45.62903225806452,12025.0,9,8,0.6182447213320075,0.96875,193.9516129032258,62,17,2,2
39.828125,44.875,12408.0,9,9,0.5256564172239122,0.9142857142857143,193.875,64,18,2,2
39.421052631578945,43.98245614035088,11161.0,9,8,0.4221264922408756,0.9344262295081968,195.80701754385964,57,19,2,2
