x,y,mass,size_x,size_y,eccentricity,solidity,intensity_mean,area,frame,tree_id,particle
39.5699481865285,28.870466321243523,34303.0,17,22,0.5662565643873717,0.8075313807531381,177.7357512953368,193,7,1,1
35.0622009569378,26.966507177033492,35843.0,23,12,0.8732879040767159,0.9126637554585153,171.4976076555024,209,8,1,1
32.05339805825243,27.92233009708738,35150.0,19,16,0.7886716616517063,0.8765957446808511,170.63106796116506,206,9,1,1
27.810650887573964,26.609467455621303,29304.0,19,13,0.8263894947652923,0.8578680203045685,173.39644970414201,169,10,1,1
23.012345679012345,28.950617283950617,14312.0,9,13,0.8082011355002405,0.9418604651162791,176.69135802469137,81,12,1,1
22.185567010309278,30.422680412371133,16718.0,11,14,0.8534308515494664,0.9326923076923077,172.35051546391753,97,13,1,1
20.675,30.141666666666666,18934.0,13,15,0.7454042241444213,0.8633093525179856,157.78333333333333,120,14,1,1
21.065040650406505,33.983739837398375,19795.0,10,21,0.9377596148228436,0.831081081081081,160.9349593495935,123,15,1,1
