x,y,mass,size_x,size_y,eccentricity,solidity,intensity_mean,area,frame,tree_id,particle
23.389830508474578,20.050847457627118,4506.0,8,10,0.7732181934336524,0.921875,76.37288135593221,59,8,0,0
24.666666666666668,25.3,7811.999999999999,7,10,0.7519603176839182,0.967741935483871,130.2,60,9,0,0
24.655555555555555,29.511111111111113,12053.0,9,15,0.8978428699152323,0.9278350515463918,133.92222222222222,90,10,0,0
26.84722222222222,42.06944444444444,8960.0,9,11,0.6971189927862187,0.9473684210526315,124.44444444444444,72,11,0,0
26.625,45.57142857142857,8291.0,8,8,0.33137493420508124,0.9491525423728814,148.05357142857142,56,12,0,0
