x,y,mass,size_x,size_y,eccentricity,solidity,intensity_mean,area,frame,tree_id,particle
36.5,38.7,10719.0,9,7,0.6624946364927914,0.9433962264150944,214.38,50,2,0,0
34.4,36.36363636363637,11103.0,6,11,0.8457146840252106,0.9649122807017544,201.87272727272727,55,3,0,0
32.49122807017544,33.228070175438596,11332.0,6,11,0.8401699585088019,0.9661016949152542,198.80701754385964,57,4,0,0
32.98529411764706,31.735294117647058,13465.0,10,10,0.6457879581001944,0.8947368421052632,198.01470588235293,68,5,0,0
33.313131313131315,28.151515151515152,19800.0,8,15,0.8524578976215139,0.9611650485436893,200.0,99,6,0,0
31.021505376344088,28.64516129032258,17400.0,13,11,0.8607950120932522,0.9117647058823529,187.09677419354838,93,7,0,0
28.742424242424242,28.242424242424242,13283.0,10,9,0.7825594983680004,0.9166666666666666,201.25757575757575,66,8,0,0
28.524390243902438,28.390243902439025,16151.0,10,16,0.9438810599867989,0.8631578947368421,196.96341463414635,82,9,0,0
