x,y,mass,size_x,size_y,eccentricity,solidity,intensity_mean,area,frame,tree_id,particle
10.372093023255815,23.41860465116279,12033.999999999998,10,11,0.44726107787548824,0.9247311827956989,139.93023255813952,86,14,3,3
23.366666666666667,24.11111111111111,10808.0,11,13,0.5939832692482623,0.8571428571428571,120.08888888888889,90,15,3,3
35.833333333333336,25.77777777777778,4336.0,9,8,0.7742154685088593,0.9310344827586207,80.29629629629629,54,16,3,3
