x,y,mass,size_x,size_y,eccentricity,solidity,intensity_mean,area,frame,tree_id,particle
24.0,41.62686567164179,9941.0,9,9,0.5355607595075567,0.9710144927536232,148.37313432835822,67,7,0,0
22.88888888888889,42.73015873015873,10006.0,9,9,0.5688218883011704,0.9402985074626866,158.82539682539684,63,8,0,0
25.92753623188406,31.10144927536232,10918.0,7,12,0.8434329635941085,0.9452054794520548,158.231884057971,69,9,0,0
28.281690140845072,24.6056338028169,11234.0,9,11,0.699276715956414,0.9466666666666667,158.22535211267606,71,10,0,0
29.304761904761904,8.895238095238096,15865.0,16,9,0.902509596674188,0.8898305084745762,151.0952380952381,105,11,0,0
28.479674796747968,7.926829268292683,16437.0,19,10,0.850921432074821,0.8723404255319149,133.6341463414634,123,12,0,0
