x,y,mass,size_x,size_y,eccentricity,solidity,intensity_mean,area,frame,tree_id,particle
13.033898305084746,19.28813559322034,5974.0,9,8,0.687458551048926,0.9672131147540983,101.2542372881356,59,9,1,1
26.413793103448278,21.896551724137932,8005.0,8,9,0.45413612227355793,0.9666666666666667,138.01724137931035,58,10,1,1
33.58181818181818,23.163636363636364,6765.0,9,8,0.7084884733107869,0.9649122807017544,123.0,55,11,1,1
5.843373493975903,35.493975903614455,9129.0,13,8,0.8234159835648983,0.9431818181818182,109.98795180722891,83,17,2,2
16.415384615384614,31.676923076923078,8477.0,10,9,0.6482754630740466,0.9285714285714286,130.41538461538462,65,18,2,2
16.973333333333333,28.106666666666666,7672.0,8,12,0.8115875242698295,0.9259259259259259,102.29333333333334,75,19,2,2
