x,y,mass,size_x,size_y,eccentricity,solidity,intensity_mean,area,frame,tree_id,particle
29.833333333333332,28.136363636363637,12727.0,11,8,0.76598642469703,0.9166666666666666,192.83333333333334,66,11,1,1
31.466666666666665,29.566666666666666,11212.0,12,6,0.8580357867781165,0.967741935483871,186.86666666666667,60,12,1,1
32.76271186440678,30.423728813559322,11316.0,11,6,0.825072555977288,0.9833333333333333,191.79661016949152,59,13,1,1
33.43103448275862,30.155172413793103,10562.0,11,7,0.8067270988134538,0.9354838709677419,182.10344827586206,58,14,1,1
34.55172413793103,30.137931034482758,10176.0,11,7,0.8226039975983389,0.9354838709677419,175.44827586206895,58,15,1,1
35.41935483870968,29.306451612903224,10494.0,11,8,0.7947175836933719,0.9393939393939394,169.25806451612902,62,16,1,1
36.958333333333336,28.34722222222222,11535.0,13,8,0.8650096623784437,0.935064935064935,160.20833333333334,72,17,1,1
