x,y,mass,size_x,size_y,eccentricity,solidity,intensity_mean,area,frame,tree_id,particle
26.545454545454547,38.97402597402598,4791.0,7,14,0.8698349250815258,0.9390243902439024,62.22077922077922,77,3,0,0
33.261538461538464,41.38461538461539,4950.0,9,8,0.5524456461722372,0.9701492537313433,76.15384615384616,65,4,0,0
34.64705882352941,44.1764705882353,3640.0,6,9,0.771090821089983,0.9807692307692307,71.37254901960785,51,5,0,0
42.78688524590164,44.81967213114754,4938.0,9,9,0.7373384349309573,0.9242424242424242,80.95081967213115,61,7,0,0
33.94805194805195,37.01298701298701,6393.0,10,12,0.8778704255691848,0.9166666666666666,83.02597402597402,77,8,0,0
28.433333333333334,31.266666666666666,5376.0,8,9,0.5721479467296784,0.9375,89.6,60,9,0,0
23.112676056338028,27.422535211267604,4241.0,11,8,0.7362156323768464,0.9342105263157895,59.732394366197184,71,10,0,0
