x,y,mass,size_x,size_y,eccentricity,solidity,intensity_mean,area,frame,tree_id,particle
35.45333333333333,33.0,8666.0,9,16,0.9337483992455123,0.8620689655172413,115.54666666666667,75,7,1,1
34.659574468085104,32.308510638297875,12422.000000000002,11,19,0.9653649831723923,0.8173913043478261,132.14893617021278,94,8,1,1
31.857142857142858,29.791208791208792,12507.0,12,14,0.9051658792085797,0.9381443298969072,137.43956043956044,91,9,1,1
26.838383838383837,24.606060606060606,14470.0,12,12,0.8093434197370064,0.9339622641509434,146.16161616161617,99,10,1,1
23.621052631578948,22.51578947368421,15437.0,9,14,0.8441102983624794,0.95,162.49473684210525,95,11,1,1
20.247524752475247,12.663366336633663,17042.0,12,12,0.5751777966399282,0.9439252336448598,168.73267326732673,101,12,1,1
17.11842105263158,10.986842105263158,13866.0,11,11,0.6394605708285949,0.8539325842696629,182.44736842105263,76,13,1,1
