x,y,mass,size_x,size_y,eccentricity,solidity,intensity_mean,area,frame,tree_id,particle
37.13559322033898,6.47457627118644,9914.0,8,10,0.6664941209952796,0.921875,168.03389830508473,59,14,1,1
35.67741935483871,14.0,10746.0,8,11,0.7444162800295204,0.9117647058823529,173.32258064516128,62,15,1,1
35.059701492537314,16.35820895522388,11457.0,8,12,0.8006636452989297,0.9178082191780822,171.0,67,16,1,1
35.794520547945204,14.753424657534246,12124.0,9,11,0.7602044094519705,0.9240506329113924,166.08219178082192,73,17,1,1
37.86666666666667,14.366666666666667,9495.0,6,15,0.9335816013409411,0.8108108108108109,158.25,60,18,1,1
