x,y,mass,size_x,size_y,eccentricity,solidity,intensity_mean,area,frame,tree_id,particle
23.984615384615385,41.69230769230769,9735.0,9,9,0.4075182618724255,0.9285714285714286,149.76923076923077,65,7,0,0
23.089285714285715,42.94642857142857,9243.0,8,9,0.6056923122021769,0.9333333333333333,165.05357142857142,56,8,0,0
25.776119402985074,31.044776119402986,10693.0,7,12,0.851388192919094,0.9436619718309859,159.59701492537314,67,9,0,0
28.4375,24.78125,10553.0,8,10,0.7178708480253079,0.9411764705882353,164.890625,64,10,0,0
