x,y,mass,size_x,size_y,eccentricity,solidity,intensity_mean,area,frame,tree_id,particle
27.147540983606557,43.80327868852459,5467.0,7,11,0.8086946604279756,0.9384615384615385,89.62295081967213,61,6,1,1
25.142857142857142,40.84126984126984,6434.0,7,13,0.8371580591297481,0.8873239436619719,102.12698412698413,63,7,1,1
28.204301075268816,31.806451612903224,6487.0,12,11,0.7578177391854083,0.93,69.75268817204301,93,8,1,1
27.29230769230769,24.846153846153847,6671.0,8,9,0.5468231367727853,0.9848484848484849,102.63076923076923,65,9,1,1
24.904109589041095,25.698630136986303,7705.0,10,10,0.5851224309602036,0.9125,105.54794520547945,73,10,1,1
26.316666666666666,24.9,6647.0,8,9,0.6119542890822417,0.9375,110.78333333333333,60,11,1,1
21.844155844155843,18.623376623376622,6034.0,9,11,0.672775133589488,0.9506172839506173,78.36363636363636,77,12,1,1
22.29230769230769,16.015384615384615,4682.0,6,13,0.8839754108389701,0.9848484848484849,72.03076923076924,65,13,1,1
22.375,14.625,4342.0,6,12,0.8619292889371509,0.9552238805970149,67.84375,64,14,1,1
