x,y,mass,size_x,size_y,eccentricity,solidity,intensity_mean,area,frame,tree_id,particle
26.5,29.5,571.0,4,6,0.7302967433402214,1.0,28.55,20,14,4,4
22.685714285714287,38.114285714285714,1063.0,6,7,0.5672599346622793,0.9459459459459459,30.37142857142857,35,15,4,4
15.518518518518519,42.370370370370374,838.0,4,8,0.8434035577099747,0.9642857142857143,31.037037037037038,27,16,4,4
