x,y,mass,size_x,size_y,eccentricity,solidity,intensity_mean,area,frame,tree_id,particle
24.836363636363636,20.272727272727273,3139.0,8,10,0.7572449097302975,0.9166666666666666,57.07272727272727,55,6,1,1
24.27777777777778,23.98148148148148,3293.0,7,9,0.7022696186833186,0.9473684210526315,60.98148148148148,54,7,1,1
23.921875,26.265625,3486.0,7,10,0.7316777189003273,0.9846153846153847,54.46875,64,8,1,1
23.17543859649123,29.29824561403509,3119.0,8,9,0.6332721703434508,0.9344262295081968,54.719298245614034,57,9,1,1
22.220338983050848,29.322033898305083,3145.0,9,8,0.5297051167925474,0.9365079365079365,53.30508474576271,59,10,1,1
23.115942028985508,25.536231884057973,3733.0,7,12,0.8096894881392821,0.9583333333333334,54.10144927536232,69,11,1,1
23.702380952380953,20.488095238095237,5134.0,8,15,0.9140019265436843,0.9230769230769231,61.11904761904762,84,12,1,1
24.936507936507937,11.396825396825397,3707.0,9,8,0.46057587800135613,0.9402985074626866,58.84126984126984,63,14,1,1
