x,y,mass,size_x,size_y,eccentricity,solidity,intensity_mean,area,frame,tree_id,particle
35.07272727272727,46.41818181818182,8491.0,10,7,0.7578079526389223,0.9166666666666666,154.38181818181818,55,14,0,0
34.56603773584906,44.924528301886795,7368.0,11,10,0.9329878992547471,0.8412698412698413,139.0188679245283,53,15,0,0
35.78125,46.46875,10490.0,12,7,0.8020586577263384,0.8888888888888888,163.90625,64,17,0,0
