x,y,mass,size_x,size_y,eccentricity,solidity,intensity_mean,area,frame,tree_id,particle
35.82692307692308,3.6346153846153846,7696.0,10,9,0.9081751274019624,0.9285714285714286,148.0,52,5,0,0
33.80952380952381,6.111111111111111,9480.0,8,11,0.8470264949259554,0.9130434782608695,150.47619047619048,63,6,0,0
31.443037974683545,9.08860759493671,11199.0,8,13,0.8750756453055644,0.9186046511627907,141.7594936708861,79,7,0,0
29.85185185185185,13.25925925925926,10330.0,9,18,0.9524697788412521,0.7788461538461539,127.53086419753086,81,8,0,0
26.52127659574468,21.638297872340427,10467.0,9,18,0.9432564868102067,0.9215686274509803,111.35106382978724,94,9,0,0
19.2,32.36,8654.0,9,13,0.8401040328425545,0.9493670886075949,115.38666666666667,75,11,0,0
17.01851851851852,34.166666666666664,5213.0,10,9,0.8203016787587225,0.9152542372881356,96.53703703703704,54,12,0,0
10.720588235294118,41.279411764705884,4774.0,10,11,0.8856286711802377,0.9066666666666666,70.20588235294117,68,13,0,0
