x,y,mass,size_x,size_y,eccentricity,solidity,intensity_mean,area,frame,tree_id,particle
18.34567901234568,39.45679012345679,13597.999999999998,9,11,0.7433885097039125,0.9529411764705882,167.87654320987653,81,6,0,0
18.40909090909091,39.59090909090909,13967.0,9,15,0.8723177174900609,0.88,158.7159090909091,88,7,0,0
19.411214953271028,38.77570093457944,15737.999999999998,9,17,0.8936542995834353,0.8492063492063492,147.0841121495327,107,8,0,0
18.77570093457944,37.33644859813084,14895.0,10,18,0.9252494822424375,0.8294573643410853,139.20560747663552,107,9,0,0
