x,y,mass,size_x,size_y,eccentricity,solidity,intensity_mean,area,frame,tree_id,particle
13.24074074074074,19.22222222222222,5735.0,8,8,0.6827318569315627,0.9473684210526315,106.20370370370371,54,9,2,2
26.384615384615383,21.673076923076923,7616.0,8,8,0.40261639055510473,0.9629629629629629,146.46153846153845,52,10,2,2
33.351851851851855,23.296296296296298,6724.0,8,8,0.7004569905656649,0.9818181818181818,124.51851851851852,54,11,2,2
6.083333333333333,35.388888888888886,8440.0,11,8,0.795691561448866,0.96,117.22222222222223,72,17,3,3
16.365079365079364,31.77777777777778,8355.0,10,9,0.6438436749510055,0.9,132.61904761904762,63,18,3,3
16.859375,28.421875,7140.0,7,11,0.8002182812321773,0.9552238805970149,111.5625,64,19,3,3
