x,y,mass,size_x,size_y,eccentricity,solidity,intensity_mean,area,frame,tree_id,particle
11.049382716049383,44.45679012345679,13807.0,11,10,0.7783596207305998,0.9204545454545454,170.45679012345678,81,8,1,1
15.517857142857142,38.767857142857146,16489.0,13,14,0.8478998031006911,0.9180327868852459,147.22321428571428,112,9,1,1
21.829268292682926,27.621951219512194,12663.0,10,12,0.8479830886059343,0.9213483146067416,154.4268292682927,82,10,1,1
26.390243902439025,17.98780487804878,11416.999999999998,10,11,0.6968726164184782,0.9425287356321839,139.23170731707316,82,11,1,1
24.850574712643677,10.60919540229885,13120.0,12,10,0.7906824118763159,0.9456521739130435,150.80459770114942,87,12,1,1
24.170731707317074,6.841463414634147,12299.0,8,14,0.8245239151759883,0.9534883720930233,149.9878048780488,82,13,1,1
