x,y,mass,size_x,size_y,eccentricity,solidity,intensity_mean,area,frame,tree_id,particle
8.893617021276595,45.88297872340426,16401.0,18,8,0.947606492323605,0.8952380952380953,174.4787234042553,94,5,0,0
18.373333333333335,39.70666666666666,13116.0,9,11,0.7137748304454453,0.974025974025974,174.88,75,6,0,0
18.493827160493826,39.77777777777778,13420.0,7,14,0.8749969453985923,0.9529411764705882,165.679012345679,81,7,0,0
19.108695652173914,39.77173913043478,14691.0,9,15,0.8614515747651025,0.8846153846153846,159.68478260869566,92,8,0,0
18.882882882882882,37.21621621621622,15148.999999999998,10,18,0.9254059859641356,0.8604651162790697,136.47747747747746,111,9,0,0
20.884892086330936,28.93525179856115,20072.0,13,22,0.944498053750089,0.7473118279569892,144.40287769784172,139,10,0,0
31.75862068965517,23.103448275862068,15865.0,11,11,0.6474917196541781,0.9354838709677419,182.35632183908046,87,11,0,0
35.79207920792079,21.594059405940595,17893.0,12,13,0.5460341320805803,0.9351851851851852,177.15841584158414,101,12,0,0
44.397260273972606,18.863013698630137,12527.0,11,9,0.7926253417752855,0.9012345679012346,171.6027397260274,73,13,0,0
