x,y,mass,size_x,size_y,eccentricity,solidity,intensity_mean,area,frame,tree_id,particle
21.0,37.21951219512195,23256.0,13,13,0.4283975419637339,0.9534883720930233,189.0731707317073,123,7,0,0
24.72222222222222,26.711111111111112,16537.0,8,14,0.8542907530387407,0.9183673469387755,183.74444444444444,90,9,0,0
24.824175824175825,30.065934065934066,16075.0,10,12,0.655841569023994,0.9578947368421052,176.64835164835165,91,10,0,0
23.97,26.11,18313.0,9,13,0.7479333001713049,0.9433962264150944,183.13,100,11,0,0
22.318181818181817,25.954545454545453,15488.0,10,12,0.6899756204575243,0.9166666666666666,176.0,88,12,0,0
15.310344827586206,31.086206896551722,21314.0,17,11,0.9214020458796969,0.8992248062015504,183.74137931034483,116,13,0,0
