x,y,mass,size_x,size_y,eccentricity,solidity,intensity_mean,area,frame,tree_id,particle
13.375,46.166666666666664,8187.0,13,7,0.8877552841471077,0.9473684210526315,113.70833333333333,72,6,1,1
23.5,42.708333333333336,8770.0,10,10,0.649577353652808,0.935064935064935,121.80555555555556,72,7,1,1
24.092105263157894,39.13157894736842,7641.0,7,13,0.8321467262639277,0.95,100.53947368421052,76,8,1,1
24.6875,33.4375,9514.0,10,11,0.7628484747609903,0.9411764705882353,118.925,80,9,1,1
22.814814814814813,26.35185185185185,6500.0,9,8,0.4845155976079887,0.9473684210526315,120.37037037037037,54,10,1,1
15.919354838709678,27.080645161290324,6916.0,9,9,0.6008197372072637,0.96875,111.54838709677419,62,11,1,1
