x,y,mass,size_x,size_y,eccentricity,solidity,intensity_mean,area,frame,tree_id,particle
17.35185185185185,39.2962962962963,11668.0,8,8,0.7004569905656649,0.9818181818181818,216.07407407407408,54,13,1,1
19.410714285714285,37.410714285714285,11802.0,8,8,0.6534126199791767,0.9655172413793104,210.75,56,14,1,1
20.4,35.733333333333334,12871.0,10,8,0.753116637726727,0.967741935483871,214.51666666666668,60,15,1,1
21.2972972972973,33.62162162162162,15760.0,9,13,0.8738556087313977,0.9135802469135802,212.97297297297297,74,16,1,1
22.555555555555557,31.238095238095237,14055.0,8,13,0.9068319740257629,0.9264705882352942,223.0952380952381,63,17,1,1
23.904761904761905,27.793650793650794,13730.0,10,10,0.8167923740495926,0.9,217.93650793650792,63,18,1,1
25.893939393939394,26.46969696969697,14235.0,11,10,0.908211133558934,0.9428571428571428,215.6818181818182,66,19,1,1
