x,y,mass,size_x,size_y,eccentricity,solidity,intensity_mean,area,frame,tree_id,particle
23.897058823529413,26.11764705882353,9734.0,5,17,0.9517055329458528,0.9444444444444444,143.14705882352942,68,1,0,0
23.847457627118644,29.389830508474578,8378.0,5,14,0.9273851452729469,0.9516129032258065,142.0,59,2,0,0
24.327272727272728,32.07272727272727,6967.0,6,12,0.8718656475317853,0.9649122807017544,126.67272727272727,55,3,0,0
24.64,33.04,5814.0,6,11,0.8426497343302443,0.9615384615384616,116.28,50,5,0,0
