x,y,mass,size_x,size_y,eccentricity,solidity,intensity_mean,area,frame,tree_id,particle
3.015873015873016,26.603174603174605,10520.0,8,10,0.5439048156077417,0.9402985074626866,166.984126984127,63,9,1,1
25.797752808988765,35.62921348314607,15121.0,9,14,0.8177277566909402,0.9368421052631579,169.8988764044944,89,9,2,2
2.7419354838709675,23.306451612903224,10868.0,7,10,0.7357434336133416,0.9538461538461539,175.29032258064515,62,10,1,1
25.60576923076923,25.03846153846154,15546.0,8,19,0.9436917860270572,0.8739495798319328,149.48076923076923,104,10,2,2
2.5,19.4,9335.0,7,9,0.707132743188666,0.9615384615384616,186.7,50,11,1,1
22.842105263157894,14.56140350877193,10258.0,10,8,0.6837561003322734,0.9661016949152542,179.96491228070175,57,11,2,2
3.5833333333333335,17.116666666666667,9490.0,8,9,0.21720898910863368,0.9375,158.16666666666666,60,12,1,1
23.2,13.872727272727273,8455.0,13,6,0.8860125457819625,0.9482758620689655,153.72727272727272,55,12,2,2
