x,y,mass,size_x,size_y,eccentricity,solidity,intensity_mean,area,frame,tree_id,particle
40.22549019607843,34.03921568627451,20755.0,12,11,0.5365830565422488,0.9444444444444444,203.48039215686273,102,0,0,0
40.5609756097561,37.3780487804878,16551.0,10,11,0.543190799771641,0.9111111111111111,201.84146341463415,82,1,0,0
41.31818181818182,37.85227272727273,17551.0,11,10,0.4200760809453784,0.9361702127659575,199.4431818181818,88,2,0,0
41.4,37.67777777777778,17555.0,11,11,0.49723758521176803,0.9,195.05555555555554,90,3,0,0
38.984848484848484,39.196969696969695,12929.0,9,10,0.6903497887417896,0.9428571428571428,195.8939393939394,66,4,0,0
38.1,38.916666666666664,11799.0,8,9,0.5404396023016066,0.9523809523809523,196.65,60,6,0,0
36.042857142857144,35.42857142857143,12937.0,9,10,0.746479018287088,0.9210526315789473,184.81428571428572,70,7,0,0
