x,y,mass,size_x,size_y,eccentricity,solidity,intensity_mean,area,frame,tree_id,particle
43.871428571428574,22.271428571428572,11711.0,11,7,0.7837801529025655,0.9722222222222222,167.3,70,5,1,1
42.12048192771084,22.734939759036145,12139.0,11,12,0.8046240127679039,0.9021739130434783,146.25301204819277,83,6,1,1
39.3,24.755555555555556,13490.0,12,14,0.9250197851149036,0.9183673469387755,149.88888888888889,90,7,1,1
34.34234234234234,26.774774774774773,16164.0,16,11,0.8437488002278031,0.8671875,145.6216216216216,111,8,1,1
25.490384615384617,27.73076923076923,15876.0,12,13,0.48016745076939166,0.8813559322033898,152.65384615384616,104,9,1,1
24.264462809917354,30.710743801652892,18485.0,9,18,0.8911897127327933,0.9097744360902256,152.76859504132233,121,10,1,1
24.322033898305083,35.40677966101695,17411.0,9,21,0.958785567144498,0.8251748251748252,147.55084745762713,118,11,1,1
21.974358974358974,44.205128205128204,12666.0,8,12,0.8087326840258616,0.9629629629629629,162.3846153846154,78,12,1,1
