x,y,mass,size_x,size_y,eccentricity,solidity,intensity_mean,area,frame,tree_id,particle
17.137931034482758,39.44827586206897,12349.0,9,8,0.7213622770888978,0.9830508474576272,212.91379310344828,58,13,0,0
19.20689655172414,37.55172413793103,12185.0,9,8,0.7177161190244672,0.9354838709677419,210.08620689655172,58,14,0,0
20.50769230769231,35.83076923076923,13612.0,10,10,0.7254032239891329,0.9027777777777778,209.41538461538462,65,15,0,0
21.25974025974026,33.675324675324674,16197.0,9,14,0.8803924051732184,0.9058823529411765,210.35064935064935,77,16,0,0
22.70149253731343,30.970149253731343,14758.0,8,13,0.910191634110947,0.9436619718309859,220.26865671641792,67,17,0,0
24.114285714285714,27.542857142857144,14922.0,10,11,0.845162019460529,0.8974358974358975,213.17142857142858,70,18,0,0
