x,y,mass,size_x,size_y,eccentricity,solidity,intensity_mean,area,frame,tree_id,particle
22.66304347826087,20.293478260869566,19710.0,13,13,0.8235384693417062,0.8141592920353983,214.2391304347826,92,13,0,0
20.486238532110093,18.862385321100916,22335.0,18,13,0.9219773604787301,0.8449612403100775,204.90825688073394,109,14,0,0
11.344370860927153,13.582781456953642,29873.0,19,15,0.8909479881805094,0.8296703296703297,197.83443708609272,151,16,0,0
10.80891719745223,12.414012738853502,31249.000000000004,22,14,0.930198250056125,0.839572192513369,199.03821656050957,157,17,0,0
9.537974683544304,13.158227848101266,31894.0,21,14,0.8010172601624957,0.8061224489795918,201.86075949367088,158,18,0,0
10.089820359281438,13.089820359281438,33926.0,19,16,0.7594117892510832,0.7914691943127962,203.14970059880238,167,19,0,0
