x,y,mass,size_x,size_y,eccentricity,solidity,intensity_mean,area,frame,tree_id,particle
32.41121495327103,20.121495327102803,18801.0,11,15,0.8775144627843707,0.9067796610169492,175.71028037383178,107,5,0,0
33.33980582524272,15.951456310679612,18054.0,12,13,0.8447360708403302,0.9279279279279279,175.28155339805826,103,6,0,0
31.12280701754386,18.87719298245614,10056.0,8,11,0.7457467322372854,0.9193548387096774,176.42105263157896,57,7,0,0
26.04854368932039,25.796116504854368,16427.0,13,13,0.8634641977039991,0.8879310344827587,159.48543689320388,103,10,1,1
24.818181818181817,26.03030303030303,16508.0,14,12,0.9139924581268567,0.9166666666666666,166.74747474747474,99,11,1,1
26.153061224489797,25.081632653061224,16652.0,13,12,0.8663663333633124,0.875,169.91836734693877,98,12,1,1
29.02777777777778,22.15740740740741,17981.0,13,15,0.9187517586714911,0.8372093023255814,166.49074074074073,108,13,1,1
30.962264150943398,19.00943396226415,17665.0,12,16,0.9194322044328276,0.8907563025210085,166.6509433962264,106,14,1,1
32.01010101010101,17.565656565656564,17045.0,11,15,0.8882926680800819,0.853448275862069,172.17171717171718,99,15,1,1
