x,y,mass,size_x,size_y,eccentricity,solidity,intensity_mean,area,frame,tree_id,particle
38.78431372549019,38.72549019607843,8860.0,8,9,0.6688412557415624,0.9272727272727272,173.72549019607843,51,5,0,0
44.254901960784316,29.019607843137255,9311.0,9,7,0.5939249913620052,0.9272727272727272,182.5686274509804,51,7,0,0
41.42857142857143,24.793650793650794,10873.0,9,9,0.3651609288446983,0.9130434782608695,172.5873015873016,63,8,0,0
37.75471698113208,22.58490566037736,9001.0,10,8,0.7428984240191453,0.8983050847457628,169.83018867924528,53,9,0,0
23.566037735849058,33.056603773584904,9207.0,8,7,0.4958636827470771,1.0,173.71698113207546,53,11,1,1
19.491803278688526,34.0,10577.0,9,9,0.33091296446305685,0.953125,173.39344262295083,61,12,1,1
13.49090909090909,28.2,8663.0,10,7,0.702476939619091,0.9482758620689655,157.5090909090909,55,13,1,1
