x,y,mass,size_x,size_y,eccentricity,solidity,intensity_mean,area,frame,tree_id,particle
29.26923076923077,2.7884615384615383,6573.0,10,8,0.6709641614162251,0.9122807017543859,126.40384615384616,52,8,0,0
27.616666666666667,12.266666666666667,9051.0,8,9,0.5350739675667774,0.9523809523809523,150.85,60,9,0,0
24.564705882352943,22.41176470588235,13337.0,11,11,0.8082722184735444,0.9550561797752809,156.90588235294118,85,10,0,0
28.066666666666666,12.511111111111111,12630.0,8,14,0.8735631883480588,0.9473684210526315,140.33333333333334,90,11,0,0
28.48,5.826666666666667,11559.0,8,11,0.7243130903975745,0.9615384615384616,154.12,75,12,0,0
