x,y,mass,size_x,size_y,eccentricity,solidity,intensity_mean,area,frame,tree_id,particle
39.98529411764706,37.11764705882353,14352.0,9,10,0.6088941422745147,0.918918918918919,211.05882352941177,68,1,0,0
40.625,37.333333333333336,14843.0,10,9,0.6079744318621452,0.935064935064935,206.15277777777777,72,2,0,0
40.73134328358209,37.44776119402985,13907.0,10,8,0.7381994144852712,0.9436619718309859,207.56716417910448,67,3,0,0
39.42622950819672,39.16393442622951,12213.0,8,9,0.6432949454481662,0.953125,200.21311475409837,61,4,0,0
38.06,39.06,10291.0,7,9,0.5161210002642898,0.9615384615384616,205.82,50,6,0,0
35.67857142857143,35.875,10870.0,8,9,0.7909516937704422,0.9491525423728814,194.10714285714286,56,7,0,0
25.142857142857142,26.444444444444443,11517.0,8,9,0.6261145669878626,0.9692307692307692,182.8095238095238,63,10,1,1
20.59016393442623,22.557377049180328,10157.0,11,7,0.847399038772165,0.9384615384615385,166.50819672131146,61,11,1,1
25.92452830188679,25.962264150943398,10184.0,9,8,0.6758781124244827,0.9464285714285714,192.1509433962264,53,12,1,1
