x,y,mass,size_x,size_y,eccentricity,solidity,intensity_mean,area,frame,tree_id,particle
24.14457831325301,20.795180722891565,4200.0,9,11,0.6390768244787909,0.9651162790697675,50.602409638554214,83,6,1,1
24.28125,24.1875,3651.0,7,11,0.7703771046486393,0.9411764705882353,57.046875,64,7,1,1
23.68354430379747,26.037974683544302,4012.0,9,11,0.6422365859431863,0.9404761904761905,50.78481012658228,79,8,1,1
23.366197183098592,29.169014084507044,3620.0,8,11,0.7056487191237625,0.9861111111111112,50.985915492957744,71,9,1,1
23.2125,25.6625,4111.0,9,12,0.784557720213159,0.898876404494382,51.3875,80,11,1,1
23.852631578947367,20.178947368421053,5492.0,9,17,0.9275840837210478,0.8715596330275229,57.810526315789474,95,12,1,1
25.016129032258064,12.838709677419354,4138.0,9,9,0.468314193716691,0.9538461538461539,66.74193548387096,62,13,1,1
24.98611111111111,11.11111111111111,3995.0,9,9,0.43753037918067156,0.96,55.486111111111114,72,14,1,1
