x,y,mass,size_x,size_y,eccentricity,solidity,intensity_mean,area,frame,tree_id,particle
43.89473684210526,22.30263157894737,12142.0,11,8,0.7452904592132895,0.9382716049382716,159.76315789473685,76,5,1,1
42.43181818181818,22.488636363636363,12463.0,11,13,0.7854373137806774,0.88,141.625,88,6,1,1
34.516949152542374,26.54237288135593,16523.0,17,11,0.8547438171098389,0.8613138686131386,140.02542372881356,118,8,1,1
25.541284403669724,27.26605504587156,16262.000000000002,13,13,0.4309489753077437,0.8650793650793651,149.19266055045873,109,9,1,1
24.24793388429752,30.322314049586776,18476.0,9,19,0.891887811441386,0.8962962962962963,152.69421487603304,121,10,1,1
24.415254237288135,35.57627118644068,17411.0,9,21,0.960654500680738,0.8309859154929577,147.55084745762713,118,11,1,1
22.07777777777778,43.48888888888889,13422.0,8,15,0.8596924554637131,0.9574468085106383,149.13333333333333,90,12,1,1
