x,y,mass,size_x,size_y,eccentricity,solidity,intensity_mean,area,frame,tree_id,particle
27.558823529411764,43.029411764705884,4561.0,8,5,0.8355826271771676,0.9714285714285714,134.14705882352942,34,16,0,0
28.6,42.36,3972.9999999999995,10,4,0.9605798864201236,0.8333333333333334,158.92,25,18,0,0
39.08,44.2,10209.0,9,7,0.4502844255798372,0.9433962264150944,204.18,50,19,0,0
