x,y,mass,size_x,size_y,eccentricity,solidity,intensity_mean,area,frame,tree_id,particle
37.056603773584904,6.132075471698113,9081.0,7,9,0.6615186280355817,0.9814814814814815,171.33962264150944,53,14,2,2
35.55172413793103,14.051724137931034,10221.0,8,10,0.7416132552512121,0.9508196721311475,176.22413793103448,58,15,2,2
35.0,16.43076923076923,11193.0,8,11,0.7999942887175222,0.9285714285714286,172.2,65,16,2,2
35.6875,14.890625,10982.0,8,10,0.7599512241370338,0.9696969696969697,171.59375,64,17,2,2
38.464285714285715,10.857142857142858,8562.0,8,10,0.7328178669606601,0.9180327868852459,152.89285714285714,56,19,2,2
