x,y,mass,size_x,size_y,eccentricity,solidity,intensity_mean,area,frame,tree_id,particle
29.673684210526314,8.442105263157895,16045.0,9,15,0.8764369124981645,0.9134615384615384,168.89473684210526,95,7,1,1
27.333333333333332,13.720430107526882,16609.0,8,15,0.8411180843440169,0.9489795918367347,178.59139784946237,93,8,1,1
24.901785714285715,21.285714285714285,20448.0,10,15,0.7459276000228297,0.9572649572649573,182.57142857142858,112,9,1,1
24.299065420560748,26.261682242990656,19655.0,11,13,0.5772251564166175,0.9553571428571429,183.69158878504672,107,10,1,1
26.60544217687075,29.258503401360546,25132.0,22,12,0.944650054638725,0.8448275862068966,170.96598639455783,147,11,1,1
30.795454545454547,30.189393939393938,23017.0,13,16,0.7688032010807007,0.9166666666666666,174.37121212121212,132,12,1,1
37.03076923076923,34.45384615384615,21808.0,16,11,0.8386913911336806,0.9090909090909091,167.75384615384615,130,13,1,1
40.34586466165413,34.609022556390975,24027.0,16,10,0.7958969540491896,0.8926174496644296,180.65413533834587,133,14,1,1
42.53488372093023,35.825581395348834,8062.0,14,8,0.8917386446785911,0.9052631578947369,93.74418604651163,86,15,1,1
