x,y,mass,size_x,size_y,eccentricity,solidity,intensity_mean,area,frame,tree_id,particle
6.640776699029126,32.86407766990291,18239.0,14,10,0.851162017233753,0.911504424778761,177.07766990291262,103,8,1,1
14.991666666666667,29.075,21720.0,18,10,0.8619743021860179,0.8888888888888888,181.0,120,9,1,1
19.356521739130436,26.756521739130434,19588.0,15,14,0.8945908479106259,0.8156028368794326,170.3304347826087,115,10,1,1
19.756756756756758,23.64864864864865,19180.0,12,16,0.778366029618555,0.75,172.7927927927928,111,11,1,1
17.568,22.256,19637.0,16,14,0.8010011347984366,0.8333333333333334,157.096,125,12,1,1
12.375,19.9625,13593.0,12,9,0.7028093665186519,0.9090909090909091,169.9125,80,13,1,1
5.064102564102564,23.858974358974358,14049.0,10,10,0.3102376036788878,0.9397590361445783,180.1153846153846,78,14,1,1
