x,y,mass,size_x,size_y,eccentricity,solidity,intensity_mean,area,frame,tree_id,particle
11.261363636363637,44.22727272727273,14334.0,11,11,0.7948665625850114,0.9361702127659575,162.88636363636363,88,8,3,3
14.47887323943662,38.63380281690141,18421.0,16,15,0.7667912478300211,0.8402366863905325,129.72535211267606,142,9,3,3
21.849462365591396,27.580645161290324,13380.0,11,14,0.8697543151111764,0.93,143.8709677419355,93,10,3,3
26.10112359550562,18.01123595505618,11863.000000000002,11,11,0.6999515523231074,0.956989247311828,133.2921348314607,89,11,3,3
24.762376237623762,10.574257425742575,13997.0,14,10,0.8192555606734852,0.9711538461538461,138.58415841584159,101,12,3,3
24.142857142857142,6.495238095238095,13997.0,10,14,0.7886065564543404,0.9375,133.3047619047619,105,13,3,3
