x,y,mass,size_x,size_y,eccentricity,solidity,intensity_mean,area,frame,tree_id,particle
27.12,43.86,4846.0,6,11,0.8761397996083128,0.9259259259259259,96.92,50,6,1,1
25.37037037037037,40.55555555555556,5799.0,6,11,0.848548995611542,0.9152542372881356,107.38888888888889,54,7,1,1
28.229885057471265,32.01149425287356,6222.0,11,11,0.7492987719801,0.9157894736842105,71.51724137931035,87,8,1,1
27.26984126984127,24.873015873015873,6564.0,8,9,0.6114793559226966,0.984375,104.19047619047619,63,9,1,1
25.16176470588235,25.470588235294116,7399.0,9,9,0.44847744803998235,0.9714285714285714,108.80882352941177,68,10,1,1
26.017543859649123,24.859649122807017,6477.0,7,9,0.6659538587723876,0.9827586206896551,113.63157894736842,57,11,1,1
21.77922077922078,18.714285714285715,6026.999999999999,9,11,0.6678648901477475,0.9506172839506173,78.27272727272727,77,12,1,1
22.246153846153845,16.16923076923077,4686.0,6,13,0.8877374764508635,0.9701492537313433,72.0923076923077,65,13,1,1
22.349206349206348,14.698412698412698,4294.0,6,12,0.8617415345150785,0.984375,68.15873015873017,63,14,1,1
