x,y,mass,size_x,size_y,eccentricity,solidity,intensity_mean,area,frame,tree_id,particle
19.529411764705884,4.014705882352941,5183.0,11,10,0.8827352695613195,0.918918918918919,76.22058823529412,68,12,3,3
19.057142857142857,4.1,5322.0,12,10,0.9015251800588523,0.875,76.02857142857142,70,13,3,3
18.732142857142858,3.642857142857143,4460.0,10,9,0.8793761894835148,0.9180327868852459,79.64285714285714,56,14,3,3
19.23076923076923,5.243589743589744,5886.0,12,12,0.8798298377829178,0.8666666666666667,75.46153846153847,78,16,3,3
18.833333333333332,5.909090909090909,5522.0,12,11,0.875113730704722,0.8354430379746836,83.66666666666667,66,17,3,3
18.444444444444443,4.0476190476190474,5114.0,12,10,0.8997539654069587,0.8076923076923077,81.17460317460318,63,18,3,3
18.82608695652174,5.202898550724638,5662.0,11,12,0.9123891553294571,0.8117647058823529,82.05797101449275,69,19,3,3
