x,y,mass,size_x,size_y,eccentricity,solidity,intensity_mean,area,frame,tree_id,particle
6.019230769230769,44.57692307692308,5122.0,9,9,0.7900792347018196,0.8813559322033898,98.5,52,8,0,0
21.45,39.9125,11403.0,8,12,0.7822038763770243,0.963855421686747,142.5375,80,8,1,1
12.595238095238095,43.04761904761905,10228.0,13,8,0.8477075212439158,0.9767441860465116,121.76190476190476,84,9,0,0
21.405797101449274,33.44927536231884,9349.0,6,13,0.894857838430786,0.9583333333333334,135.4927536231884,69,9,1,1
19.209876543209877,42.20987654320987,9987.0,13,8,0.8245992153566811,0.9418604651162791,123.29629629629629,81,10,0,0
23.759036144578314,26.6144578313253,11454.0,11,9,0.5782477502795761,0.9764705882352941,138.0,83,10,1,1
28.919540229885058,26.528735632183906,12120.000000000002,15,6,0.9171488666243743,1.0,139.31034482758622,87,11,1,1
41.71111111111111,23.566666666666666,9144.0,12,8,0.7536743208205873,0.989010989010989,101.6,90,12,1,1
