x,y,mass,size_x,size_y,eccentricity,solidity,intensity_mean,area,frame,tree_id,particle
31.369230769230768,27.661538461538463,9826.0,10,8,0.6492296317062366,0.9420289855072463,151.16923076923078,65,16,1,1
21.99047619047619,20.952380952380953,16123.0,14,14,0.8583043081797902,0.8823529411764706,153.55238095238096,105,17,1,1
11.105263157894736,14.705263157894738,17055.0,11,11,0.7658601110216073,0.9693877551020408,179.52631578947367,95,18,1,1
12.134831460674157,15.674157303370787,17106.0,11,10,0.48512218753632363,0.956989247311828,192.20224719101122,89,19,1,1
