x,y,mass,size_x,size_y,eccentricity,solidity,intensity_mean,area,frame,tree_id,particle
6.046153846153846,32.76923076923077,9381.0,10,9,0.7288052388787605,0.9558823529411765,144.3230769230769,65,6,0,0
10.928571428571429,31.535714285714285,7512.0,9,8,0.5238974912207714,0.9655172413793104,134.14285714285714,56,7,0,0
17.01923076923077,32.5,7847.0,8,9,0.7493241984364344,0.9454545454545454,150.90384615384616,52,8,0,0
21.472727272727273,30.436363636363637,8522.0,8,8,0.5358172906749195,0.9821428571428571,154.94545454545454,55,9,0,0
27.281690140845072,32.28169014084507,11636.0,9,10,0.691221177637317,0.9342105263157895,163.88732394366198,71,10,0,0
32.92857142857143,34.17142857142857,10894.0,11,8,0.7644080741765198,0.9210526315789473,155.62857142857143,70,11,0,0
34.93827160493827,34.5679012345679,12725.0,11,10,0.7007794459510043,0.9310344827586207,157.09876543209876,81,12,0,0
33.6,33.71666666666667,9835.0,8,8,0.3484999483562459,1.0,163.91666666666666,60,13,0,0
34.594202898550726,43.0,7583.0,10,9,0.6385371631612576,0.92,109.89855072463769,69,15,0,0
