x,y,mass,size_x,size_y,eccentricity,solidity,intensity_mean,area,frame,tree_id,particle
5.779661016949152,16.050847457627118,9719.0,7,10,0.7537396906091938,0.9516129032258065,164.72881355932202,59,5,1,1
5.131147540983607,19.65573770491803,10860.0,9,9,0.6951447399247368,0.9104477611940298,178.0327868852459,61,6,1,1
2.85,24.3,10819.0,7,10,0.7835192985102374,0.9836065573770492,180.31666666666666,60,7,1,1
28.5,44.96296296296296,9877.0,6,10,0.7842218563846333,1.0,182.90740740740742,54,8,2,2
3.0350877192982457,26.56140350877193,9947.0,8,10,0.5424909736030834,0.9193548387096774,174.50877192982455,57,9,1,1
25.804878048780488,35.829268292682926,14482.000000000002,8,13,0.8125079124741863,0.9647058823529412,176.609756097561,82,9,2,2
2.66,23.34,9697.0,7,8,0.5982852288616185,0.9803921568627451,193.94,50,10,1,1
25.313253012048193,25.85542168674699,13816.0,6,18,0.9584418378025835,0.8924731182795699,166.4578313253012,83,10,2,2
