x,y,mass,size_x,size_y,eccentricity,solidity,intensity_mean,area,frame,tree_id,particle
34.854166666666664,23.791666666666668,3641.0,7,9,0.6457507918047579,0.9411764705882353,75.85416666666667,48,5,0,0
33.391304347826086,24.434782608695652,1891.0,4,7,0.7919952136147679,0.9583333333333334,82.21739130434783,23,7,0,0
34.7906976744186,23.209302325581394,3590.0,7,8,0.5855307790726895,0.8958333333333334,83.48837209302326,43,8,0,0
33.35,23.0,3611.0,7,8,0.4225615560386313,0.9090909090909091,90.275,40,9,0,0
