x,y,mass,size_x,size_y,eccentricity,solidity,intensity_mean,area,frame,tree_id,particle
13.402985074626866,46.11940298507463,7918.0,12,7,0.8578884216092233,0.9305555555555556,118.17910447761194,67,6,0,0
23.323076923076922,42.93846153846154,8371.0,9,10,0.5701003005739271,0.9285714285714286,128.7846153846154,65,7,0,0
24.119402985074625,39.76119402985075,7239.0,7,12,0.8180121311607826,0.9305555555555556,108.04477611940298,67,8,0,0
24.42105263157895,33.5,9288.0,10,11,0.7776153425488876,0.9382716049382716,122.21052631578948,76,9,0,0
22.607843137254903,26.313725490196077,6292.0,8,8,0.5227868189683441,0.9622641509433962,123.37254901960785,51,10,0,0
16.017543859649123,27.19298245614035,6637.0,9,8,0.6646074820743244,0.95,116.43859649122807,57,11,0,0
