x,y,mass,size_x,size_y,eccentricity,solidity,intensity_mean,area,frame,tree_id,particle
28.83783783783784,29.95945945945946,6843.0,13,10,0.8877559615082745,0.8809523809523809,92.47297297297297,74,7,0,0
26.293333333333333,25.746666666666666,9267.0,9,10,0.35277242654740143,0.9615384615384616,123.56,75,8,0,0
25.5,26.454545454545453,8898.0,10,8,0.6388239885810463,0.9295774647887324,134.8181818181818,66,9,0,0
27.746835443037973,24.17721518987342,10032.0,8,11,0.6695682938823853,0.9875,126.9873417721519,79,10,0,0
28.88,27.906666666666666,8134.0,11,12,0.8916282587839636,0.872093023255814,108.45333333333333,75,11,0,0
31.74576271186441,32.847457627118644,5185.0,7,12,0.8428959565031616,0.9076923076923077,87.88135593220339,59,12,0,0
