x,y,mass,size_x,size_y,eccentricity,solidity,intensity_mean,area,frame,tree_id,particle
16.952830188679247,31.09433962264151,13127.0,11,15,0.7995861491737563,0.8617886178861789,123.83962264150944,106,9,0,0
22.247524752475247,25.504950495049506,13183.000000000002,13,11,0.7585556138708193,0.8938053097345132,130.52475247524754,101,10,0,0
25.310679611650485,29.145631067961165,12067.0,11,15,0.861973846289522,0.8442622950819673,117.15533980582525,103,11,0,0
26.85483870967742,33.306451612903224,7339.0,6,12,0.8781066717598686,0.96875,118.37096774193549,62,12,0,0
27.432835820895523,33.76119402985075,7851.0,7,12,0.8108035128813712,0.9436619718309859,117.17910447761194,67,13,0,0
28.876712328767123,38.0958904109589,6722.0,6,16,0.9367442460663957,0.8795180722891566,92.08219178082192,73,14,0,0
