x,y,mass,size_x,size_y,eccentricity,solidity,intensity_mean,area,frame,tree_id,particle
5.462686567164179,26.37313432835821,12925.0,8,10,0.7411179875984221,0.9436619718309859,192.91044776119404,67,3,0,0
11.527272727272727,22.4,9878.0,8,8,0.6647168180888987,0.9649122807017544,179.6,55,4,0,0
19.296296296296298,21.925925925925927,9477.0,8,8,0.28449749720295625,1.0,175.5,54,5,0,0
11.392156862745098,29.58823529411765,7828.0,8,9,0.7520584218355264,0.9622641509433962,153.49019607843138,51,13,1,1
11.615384615384615,29.057692307692307,7626.0,8,9,0.7475192130515533,0.9454545454545454,146.65384615384616,52,14,1,1
18.48076923076923,30.153846153846153,6789.000000000001,8,9,0.6938462812305238,0.9454545454545454,130.55769230769232,52,16,1,1
22.660377358490567,34.83018867924528,7846.999999999999,8,9,0.4811982741292351,0.8983050847457628,148.0566037735849,53,17,1,1
25.26,35.64,6321.0,9,8,0.7538933581184063,0.8771929824561403,126.42,50,18,1,1
