x,y,mass,size_x,size_y,eccentricity,solidity,intensity_mean,area,frame,tree_id,particle
33.63059701492537,18.05223880597015,47889.0,26,18,0.8678040854268835,0.8401253918495298,178.6902985074627,268,8,2,2
30.190954773869347,32.30653266331658,37887.0,19,15,0.5901730845912618,0.9045454545454545,190.38693467336682,199,10,2,2
28.64327485380117,28.883040935672515,35219.0,16,16,0.6042424606041019,0.9193548387096774,205.95906432748538,171,11,2,2
22.93867924528302,29.0,40618.0,19,14,0.6403666912706113,0.9177489177489178,191.5943396226415,212,12,2,2
19.81286549707602,28.538011695906434,35666.0,15,16,0.41479533525063705,0.9447513812154696,208.57309941520467,171,13,2,2
19.356435643564357,28.222772277227723,40223.0,19,14,0.721483035929092,0.957345971563981,199.12376237623764,202,14,2,2
14.236842105263158,26.30263157894737,43314.0,25,14,0.8752038215926073,0.9306122448979591,189.97368421052633,228,15,2,2
12.1,24.491304347826087,44095.0,22,19,0.9018183474372898,0.8614232209737828,191.7173913043478,230,16,2,2
12.184357541899441,24.99441340782123,31816.0,22,14,0.8842816357786701,0.8483412322274881,177.74301675977654,179,17,2,2
