x,y,mass,size_x,size_y,eccentricity,solidity,intensity_mean,area,frame,tree_id,particle
2.9074074074074074,31.666666666666668,11037.0,8,9,0.5456111375731009,0.9642857142857143,204.38888888888889,54,7,1,1
6.494252873563219,32.93103448275862,16361.0,13,9,0.8391683927794173,0.925531914893617,188.05747126436782,87,8,1,1
16.061855670103093,28.855670103092784,19113.0,13,10,0.7243123450586603,0.9603960396039604,197.04123711340208,97,9,1,1
19.62962962962963,26.555555555555557,18970.0,15,14,0.8978257760985325,0.8181818181818182,175.64814814814815,108,10,1,1
19.54263565891473,25.093023255813954,21781.0,12,16,0.7391294309411213,0.86,168.84496124031008,129,11,1,1
17.71900826446281,22.570247933884296,19221.0,16,13,0.7923418702910405,0.8120805369127517,158.8512396694215,121,12,1,1
11.986842105263158,20.0,13139.0,12,8,0.685438380177344,0.9743589743589743,172.8815789473684,76,13,1,1
4.9324324324324325,23.83783783783784,13633.0,9,10,0.39186792827947853,0.961038961038961,184.22972972972974,74,14,1,1
2.375,27.339285714285715,10794.0,6,10,0.7846322286538936,0.9824561403508771,192.75,56,15,1,1
