x,y,mass,size_x,size_y,eccentricity,solidity,intensity_mean,area,frame,tree_id,particle
8.597014925373134,25.83582089552239,5748.0,9,9,0.3631062707209117,0.9571428571428572,85.7910447761194,67,8,0,0
18.575757575757574,25.696969696969695,6390.0,8,10,0.6348029464140965,0.9428571428571428,96.81818181818181,66,9,0,0
23.9,28.05,4490.0,9,9,0.3772224150339315,0.8823529411764706,74.83333333333333,60,10,0,0
19.423728813559322,40.610169491525426,4992.0,10,8,0.5868516444835289,0.9365079365079365,84.61016949152543,59,11,0,0
