x,y,mass,size_x,size_y,eccentricity,solidity,intensity_mean,area,frame,tree_id,particle
21.942307692307693,46.11538461538461,5266.0,8,8,0.6642826765719476,0.9811320754716981,101.26923076923077,52,7,1,1
6.320754716981132,44.0,4948.0,10,10,0.8179345918139423,0.8412698412698413,93.35849056603773,53,8,2,2
21.436781609195403,39.85057471264368,11827.0,8,13,0.8026333058798721,0.9666666666666667,135.94252873563218,87,8,1,1
12.630434782608695,42.90217391304348,10794.0,14,9,0.8480344257399118,0.9484536082474226,117.32608695652173,92,9,2,2
21.443037974683545,33.860759493670884,10102.0,8,14,0.8524761636678361,0.8977272727272727,127.87341772151899,79,9,1,1
19.193548387096776,42.17204301075269,10719.0,14,9,0.7954508507681036,0.9393939393939394,115.25806451612904,93,10,2,2
23.766666666666666,26.455555555555556,11900.999999999998,11,11,0.5903039463636218,0.9278350515463918,132.23333333333332,90,10,1,1
29.067961165048544,26.203883495145632,13091.0,16,8,0.889181792833786,0.911504424778761,127.09708737864078,103,11,1,1
41.958333333333336,23.5,9486.0,13,9,0.7650661931153138,0.9411764705882353,98.8125,96,12,1,1
