x,y,mass,size_x,size_y,eccentricity,solidity,intensity_mean,area,frame,tree_id,particle
23.63,21.57,18463.0,11,15,0.7991856651569341,0.9009009009009009,184.63,100,0,1,1
23.5,22.29090909090909,21116.0,11,15,0.804705120320502,0.9322033898305084,191.96363636363637,110,1,1,1
23.88888888888889,22.367521367521366,22769.0,12,15,0.8297615117730958,0.9140625,194.60683760683762,117,2,1,1
24.217821782178216,21.673267326732674,19561.0,10,13,0.7682512371993687,0.9619047619047619,193.67326732673268,101,4,1,1
23.822580645161292,22.338709677419356,23537.0,11,16,0.7791377817856966,0.9323308270676691,189.81451612903226,124,8,2,2
24.271844660194176,21.902912621359224,18896.0,11,15,0.7360094128826689,0.8583333333333333,183.45631067961165,103,9,2,2
24.224489795918366,21.255102040816325,17490.0,10,14,0.6302110031064365,0.8672566371681416,178.46938775510205,98,10,2,2
