x,y,mass,size_x,size_y,eccentricity,solidity,intensity_mean,area,frame,tree_id,particle
14.115384615384615,9.692307692307692,7458.999999999999,8,8,0.4963984043859618,0.9629629629629629,143.44230769230768,52,14,2,2
19.15,24.433333333333334,11416.0,11,6,0.8340575196415807,1.0,190.26666666666668,60,15,2,2
15.281553398058252,23.058252427184467,18572.0,16,11,0.82915179376315,0.865546218487395,180.3106796116505,103,16,2,2
15.48951048951049,17.244755244755243,26682.0,12,21,0.9298303876919277,0.807909604519774,186.5874125874126,143,17,2,2
11.453703703703704,10.212962962962964,20461.0,12,10,0.5865615917012774,0.9642857142857143,189.4537037037037,108,18,2,2
4.390243902439025,5.439024390243903,16666.0,10,10,0.48765106643034656,0.9318181818181818,203.2439024390244,82,19,2,2
