x,y,mass,size_x,size_y,eccentricity,solidity,intensity_mean,area,frame,tree_id,particle
20.664,27.8,26349.0,12,15,0.7640431002197178,0.9191176470588235,210.792,125,4,1,1
18.305785123966942,28.96694214876033,24344.0,11,15,0.6997902082874863,0.952755905511811,201.1900826446281,121,5,1,1
16.642276422764226,29.43089430894309,23948.0,11,16,0.8191379891347174,0.8723404255319149,194.6991869918699,123,6,1,1
17.169354838709676,29.362903225806452,22896.0,12,17,0.8222739893773453,0.7898089171974523,184.6451612903226,124,7,1,1
