x,y,mass,size_x,size_y,eccentricity,solidity,intensity_mean,area,frame,tree_id,particle
44.53125,18.984375,11396.0,10,7,0.7549234960044147,0.9846153846153847,178.0625,64,5,1,1
41.45205479452055,19.767123287671232,12194.0,12,8,0.7567789334123369,0.9733333333333334,167.04109589041096,73,6,1,1
37.521126760563384,21.816901408450704,12921.0,13,9,0.9016119136174781,0.8554216867469879,181.98591549295776,71,7,1,1
29.96078431372549,25.0,9974.0,10,7,0.7577333122588158,0.8793103448275862,195.5686274509804,51,9,1,1
34.18421052631579,26.56578947368421,13708.0,11,10,0.8303332903664469,0.9620253164556962,180.3684210526316,76,11,1,1
36.07142857142857,30.86904761904762,14688.0,11,10,0.6010295018682756,0.9655172413793104,174.85714285714286,84,12,1,1
38.71739130434783,32.70652173913044,15277.000000000002,11,10,0.49938600651432213,0.9484536082474226,166.05434782608697,92,13,1,1
43.13265306122449,35.55102040816327,16506.0,10,14,0.858119557084147,0.9423076923076923,168.42857142857142,98,14,1,1
45.87323943661972,38.436619718309856,13133.0,8,13,0.7880202995690052,0.8875,184.9718309859155,71,15,1,1
