x,y,mass,size_x,size_y,eccentricity,solidity,intensity_mean,area,frame,tree_id,particle
42.26,44.56,8058.0,8,8,0.55603286291587,0.9615384615384616,161.16,50,4,0,0
39.08771929824562,34.43859649122807,9590.0,9,8,0.5708563047866894,0.9344262295081968,168.24561403508773,57,6,0,0
44.160714285714285,29.142857142857142,9852.0,9,7,0.6545113085381569,0.9824561403508771,175.92857142857142,56,7,0,0
41.3125,24.6875,10966.0,9,9,0.4002638283074376,0.927536231884058,171.34375,64,8,0,0
37.945454545454545,22.509090909090908,9216.0,10,9,0.7758652795031297,0.9016393442622951,167.56363636363636,55,9,0,0
23.566037735849058,33.056603773584904,9207.0,8,7,0.4958636827470771,1.0,173.71698113207546,53,11,1,1
19.484848484848484,34.0,11044.0,9,9,0.2627472416157114,0.9565217391304348,167.33333333333334,66,12,1,1
13.770491803278688,28.295081967213115,9099.0,10,8,0.6798804309590019,0.9384615384615385,149.1639344262295,61,13,1,1
